date,description,amount,currency
2026-04-05,NETFLIX SUBSCRIPTION,199.00,ZAR
2026-04-12,SPOTIFY PREMIUM,69.99,ZAR
2026-04-20,ADOBE CREATIVE CLOUD,549.00,ZAR
2026-05-05,NETFLIX SUBSCRIPTION,199.00,ZAR
2026-05-12,SPOTIFY PREMIUM,69.99,ZAR
2026-05-20,ADOBE CREATIVE CLOUD,549.00,ZAR
2026-06-05,NETFLIX SUBSCRIPTION,199.00,ZAR
2026-06-12,SPOTIFY PREMIUM,69.99,ZAR
2026-06-20,ADOBE CREATIVE CLOUD,549.00,ZAR
2026-07-05,NETFLIX SUBSCRIPTION,199.00,ZAR
2026-07-12,SPOTIFY PREMIUM,69.99,ZAR
2026-07-20,ADOBE CREATIVE CLOUD,549.00,ZAR
2026-08-05,NETFLIX SUBSCRIPTION,199.00,ZAR
2026-08-12,SPOTIFY PREMIUM,69.99,ZAR
2026-08-20,ADOBE CREATIVE CLOUD,549.00,ZAR
2026-09-05,NETFLIX SUBSCRIPTION,199.00,ZAR
2026-09-12,SPOTIFY PREMIUM,69.99,ZAR
2026-09-20,ADOBE CREATIVE CLOUD,549.00,ZAR
2026-09-22,GROCERY MARKET,824.31,ZAR
